state,count,pct
stress_backwardation,4910,0.6175323858634134
flat,1663,0.2091560809961011
carry_contango,1258,0.158219091938121
convex_stress,120,0.015092441202364483
