,stress_backwardation,flat,carry_contango,convex_stress
stress_backwardation,0.9431656141780403,0.016296598085149726,0.04053778773680994,0.0
flat,0.07817197835237523,0.7101623571858088,0.20384846662657846,0.007817197835237523
carry_contango,0.1192368839427663,0.30286168521462636,0.5667726550079492,0.011128775834658187
convex_stress,0.0,0.175,0.05,0.775
