feature,vix,vvix,rv20,dvix_5,dvix_20
vix,1.0,0.4136010235062201,0.8735392577033128,0.21004729316091345,0.35704430518964647
vvix,0.4136010235062201,1.0,0.3092647176201151,0.2999565484984568,0.42170833052999873
rv20,0.8735392577033128,0.3092647176201151,1.0,-0.056159407584123244,0.23549625333955973
dvix_5,0.21004729316091345,0.2999565484984568,-0.056159407584123244,1.0,0.46711854716835094
dvix_20,0.35704430518964647,0.42170833052999873,0.23549625333955973,0.46711854716835094,1.0
