feature,spy_tr,ret,rv20,vix,dvix_5,dvix_20,rv20
spy_tr,1.0,0.013684746182362649,-0.05566706985907606,-0.07248518987998957,-0.0070130367487482755,-0.016894385103448827,-0.05566706985907606
ret,0.013684746182362649,1.0,-0.0007171258917481378,-0.13708558486228561,-0.37024442540942715,-0.23094173653031824,-0.0007171258917481378
rv20,-0.05566706985907606,-0.0007171258917481378,1.0,0.8677966588987703,-0.049793033930862395,0.22131601688135533,1.0
vix,-0.07248518987998957,-0.13708558486228561,0.8677966588987703,1.0,0.1998369877911726,0.3352512706985367,0.8677966588987703
dvix_5,-0.0070130367487482755,-0.37024442540942715,-0.049793033930862395,0.1998369877911726,1.0,0.46537899665646415,-0.04979303393086241
dvix_20,-0.016894385103448827,-0.23094173653031824,0.22131601688135533,0.3352512706985367,0.46537899665646415,1.0,0.22131601688135533
rv20,-0.05566706985907606,-0.0007171258917481378,1.0,0.8677966588987703,-0.04979303393086241,0.22131601688135533,1.0
